{
  "@type" : "TEMPLATE",
  "uid" : "8cc116c5-bccb-4505-af4b-b33a1d6a1e25",
  "description" : {
    "@type" : "RESOURCE_DESCRIPTION",
    "originalAuthor" : {
      "name" : "Ian McNicoll",
      "organisation" : "freshEHR Clinical Informatics Ltd.",
      "email" : "ian@freshehr.com",
      "date" : "2021-03-29"
    },
    "otherContributors" : [ ],
    "lifecycleState" : {
      "codeString" : "unmanaged"
    },
    "ipAcknowledgements" : { },
    "references" : { },
    "conversionDetails" : { },
    "otherDetails" : {
      "licence" : "",
      "custodian_organisation" : "",
      "original_namespace" : "",
      "original_publisher" : "",
      "custodian_namespace" : "",
      "sem_ver" : "0.1.0",
      "MD5-CAM-1.0.1" : "d57b91a8fc505a1918ac870ca81d2278",
      "PARENT:MD5-CAM-1.0.1" : "8ce4f5326bb58c247af33328b0899cf6"
    },
    "details" : {
      "de" : {
        "@type" : "RESOURCE_DESCRIPTION_ITEM",
        "language" : {
          "terminologyId" : {
            "value" : "ISO_639-1"
          },
          "codeString" : "de"
        },
        "keywords" : [ ],
        "originalResourceUri" : { },
        "otherDetails" : { }
      },
      "nb" : {
        "@type" : "RESOURCE_DESCRIPTION_ITEM",
        "language" : {
          "terminologyId" : {
            "value" : "ISO_639-1"
          },
          "codeString" : "nb"
        },
        "keywords" : [ ],
        "originalResourceUri" : { },
        "otherDetails" : { }
      },
      "pt-br" : {
        "@type" : "RESOURCE_DESCRIPTION_ITEM",
        "language" : {
          "terminologyId" : {
            "value" : "ISO_639-1"
          },
          "codeString" : "pt-br"
        },
        "keywords" : [ ],
        "originalResourceUri" : { },
        "otherDetails" : { }
      },
      "en" : {
        "@type" : "RESOURCE_DESCRIPTION_ITEM",
        "language" : {
          "terminologyId" : {
            "value" : "ISO_639-1"
          },
          "codeString" : "en"
        },
        "purpose" : "nl.zorg.part.AnatomischeLocatie-v1\nhttps://zibs.nl/wiki/AnatomischeLocatie-v1.0(2020NL)",
        "keywords" : [ ],
        "originalResourceUri" : { },
        "otherDetails" : { }
      },
      "sl" : {
        "@type" : "RESOURCE_DESCRIPTION_ITEM",
        "language" : {
          "terminologyId" : {
            "value" : "ISO_639-1"
          },
          "codeString" : "sl"
        },
        "keywords" : [ ],
        "originalResourceUri" : { },
        "otherDetails" : { }
      },
      "ar-sy" : {
        "@type" : "RESOURCE_DESCRIPTION_ITEM",
        "language" : {
          "terminologyId" : {
            "value" : "ISO_639-1"
          },
          "codeString" : "ar-sy"
        },
        "keywords" : [ ],
        "originalResourceUri" : { },
        "otherDetails" : { }
      }
    }
  },
  "parentArchetypeId" : "openEHR-EHR-CLUSTER.anatomical_location-zibs_nl.v1",
  "differential" : true,
  "archetypeId" : {
    "@type" : "ARCHETYPE_HRID",
    "value" : "openEHR-EHR-CLUSTER.t_anatomical_location-zibs_nl.v1"
  },
  "definition" : {
    "@type" : "C_COMPLEX_OBJECT",
    "rmTypeName" : "CLUSTER",
    "nodeId" : "at0000.1.1",
    "attributes" : [ {
      "@type" : "C_ATTRIBUTE",
      "rmAttributeName" : "items",
      "children" : [ {
        "@type" : "C_COMPLEX_OBJECT",
        "rmTypeName" : "ELEMENT",
        "nodeId" : "at0001.0.1",
        "attributes" : [ ],
        "attributeTuples" : [ ]
      }, {
        "@type" : "C_COMPLEX_OBJECT",
        "rmTypeName" : "ELEMENT",
        "occurrences" : "0..0",
        "nodeId" : "at0065.0.1",
        "attributes" : [ ],
        "attributeTuples" : [ ]
      }, {
        "@type" : "C_COMPLEX_OBJECT",
        "rmTypeName" : "ELEMENT",
        "occurrences" : "0..0",
        "nodeId" : "at0064.0.1",
        "attributes" : [ {
          "@type" : "C_ATTRIBUTE",
          "rmAttributeName" : "value",
          "children" : [ {
            "@type" : "C_COMPLEX_OBJECT",
            "rmTypeName" : "DV_CODED_TEXT",
            "attributes" : [ {
              "@type" : "C_ATTRIBUTE",
              "rmAttributeName" : "defining_code",
              "children" : [ {
                "@type" : "C_TERMINOLOGY_CODE",
                "rmTypeName" : "TERMINOLOGY_CODE",
                "occurrences" : "1..1",
                "terminologyId" : {
                  "value" : "local"
                },
                "constraint" : [ "ac0.0.1" ],
                "selectedTerminologies" : [ ]
              } ]
            } ],
            "attributeTuples" : [ ]
          }, {
            "@type" : "C_COMPLEX_OBJECT",
            "rmTypeName" : "DV_TEXT",
            "attributes" : [ ],
            "attributeTuples" : [ ]
          } ]
        } ],
        "attributeTuples" : [ ]
      }, {
        "@type" : "C_COMPLEX_OBJECT",
        "rmTypeName" : "ELEMENT",
        "occurrences" : "0..0",
        "nodeId" : "at0055.0.1",
        "attributes" : [ {
          "@type" : "C_ATTRIBUTE",
          "rmAttributeName" : "value",
          "children" : [ {
            "@type" : "C_COMPLEX_OBJECT",
            "rmTypeName" : "DV_CODED_TEXT",
            "attributes" : [ {
              "@type" : "C_ATTRIBUTE",
              "rmAttributeName" : "defining_code",
              "children" : [ {
                "@type" : "C_TERMINOLOGY_CODE",
                "rmTypeName" : "TERMINOLOGY_CODE",
                "occurrences" : "1..1",
                "terminologyId" : {
                  "value" : "local"
                },
                "constraint" : [ "ac0.0.2" ],
                "selectedTerminologies" : [ ]
              } ]
            } ],
            "attributeTuples" : [ ]
          }, {
            "@type" : "C_COMPLEX_OBJECT",
            "rmTypeName" : "DV_TEXT",
            "attributes" : [ ],
            "attributeTuples" : [ ]
          } ]
        } ],
        "attributeTuples" : [ ]
      }, {
        "@type" : "C_COMPLEX_OBJECT",
        "rmTypeName" : "ELEMENT",
        "occurrences" : "0..0",
        "nodeId" : "at0023.0.1",
        "attributes" : [ ],
        "attributeTuples" : [ ]
      } ]
    } ],
    "attributeTuples" : [ ]
  },
  "terminology" : {
    "@type" : "ARCHETYPE_TERMINOLOGY",
    "conceptCode" : "at0000.1",
    "termDefinitions" : {
      "ar-sy" : {
        "at0000.1.1" : {
          "@type" : "ARCHETYPE_TERM",
          "code" : "at0000.1.1",
          "text" : "ZIBS - Anatomical location nl.zorg.part.AnatomischeLocatie.v0",
          "description" : "*A physical site on or within the human body.(en)"
        },
        "ac0.0.1" : {
          "@type" : "ARCHETYPE_TERM",
          "text" : "*(Synthesized) (en)",
          "code" : "ac0.0.1",
          "description" : ""
        },
        "ac0.0.2" : {
          "@type" : "ARCHETYPE_TERM",
          "text" : "*(Synthesized) (en)",
          "code" : "ac0.0.2",
          "description" : ""
        }
      },
      "sl" : {
        "at0000.1.1" : {
          "@type" : "ARCHETYPE_TERM",
          "code" : "at0000.1.1",
          "text" : "ZIBS - Anatomical location nl.zorg.part.AnatomischeLocatie.v0",
          "description" : "*A physical site on or within the human body.(en)"
        },
        "ac0.0.1" : {
          "@type" : "ARCHETYPE_TERM",
          "text" : "*(Synthesized) (en)",
          "code" : "ac0.0.1",
          "description" : ""
        },
        "ac0.0.2" : {
          "@type" : "ARCHETYPE_TERM",
          "text" : "*(Synthesized) (en)",
          "code" : "ac0.0.2",
          "description" : ""
        }
      },
      "en" : {
        "at0001.0.1" : {
          "@type" : "ARCHETYPE_TERM",
          "code" : "at0001.0.1",
          "text" : "Location",
          "description" : "Identification of a single physical site either on, or within, the human body.",
          "comment" : "This data element is the only mandated data point in this archetype and should be used as the primary data point to record an anatomical location with a commonly used name. It is strongly recommended that 'Body site name' be recorded as specifically as is anatomically possible. For example: record 'upper eyelid' rather than recording 'eyelid' with 'upper' as a qualifier; 'fifth rib' rather than 'rib' with a numeric qualifier. Use the other data elements for laterality, aspect, region and anatomical line to provide more detail.\r\n\r\nThis data element should be coded with a terminology capable of triggering decision support, where possible - an appropriate termset for use here could comprise individual concepts or a list of precoordinated terms. Free text should be used only if there is no appropriate terminology available.\r\n\r\nIf body site name is already identified in the parent archetype, then this data element may be redundant. Alternatively, a use case has been identified where the value may be duplicated into this element to support semantic querying using this archetype, rather than the data element within the parent."
        },
        "ac0.0.1" : {
          "@type" : "ARCHETYPE_TERM",
          "text" : "(Synthesized)",
          "code" : "ac0.0.1",
          "description" : ""
        },
        "ac0.0.2" : {
          "@type" : "ARCHETYPE_TERM",
          "text" : "(Synthesized)",
          "code" : "ac0.0.2",
          "description" : ""
        }
      },
      "nb" : {
        "at0000.1.1" : {
          "@type" : "ARCHETYPE_TERM",
          "code" : "at0000.1.1",
          "text" : "ZIBS - Anatomical location nl.zorg.part.AnatomischeLocatie.v0",
          "description" : "Et fysisk sted på eller inne i menneskekroppen."
        },
        "ac0.0.1" : {
          "@type" : "ARCHETYPE_TERM",
          "text" : "*(Synthesized) (en)",
          "code" : "ac0.0.1",
          "description" : ""
        },
        "ac0.0.2" : {
          "@type" : "ARCHETYPE_TERM",
          "text" : "*(Synthesized) (en)",
          "code" : "ac0.0.2",
          "description" : ""
        }
      },
      "pt-br" : {
        "at0000.1.1" : {
          "@type" : "ARCHETYPE_TERM",
          "code" : "at0000.1.1",
          "text" : "ZIBS - Anatomical location nl.zorg.part.AnatomischeLocatie.v0",
          "description" : "Identificação de um local físico dentro ou no corpo humano."
        },
        "ac0.0.1" : {
          "@type" : "ARCHETYPE_TERM",
          "text" : "*(Synthesized) (en)",
          "code" : "ac0.0.1",
          "description" : ""
        },
        "ac0.0.2" : {
          "@type" : "ARCHETYPE_TERM",
          "text" : "*(Synthesized) (en)",
          "code" : "ac0.0.2",
          "description" : ""
        }
      },
      "de" : {
        "at0000.1.1" : {
          "@type" : "ARCHETYPE_TERM",
          "code" : "at0000.1.1",
          "text" : "ZIBS - Anatomical location nl.zorg.part.AnatomischeLocatie.v0",
          "description" : "Eine physische Stelle am oder innerhalb des menschlichen Körpers."
        },
        "ac0.0.1" : {
          "@type" : "ARCHETYPE_TERM",
          "text" : "*(Synthesized) (en)",
          "code" : "ac0.0.1",
          "description" : ""
        },
        "ac0.0.2" : {
          "@type" : "ARCHETYPE_TERM",
          "text" : "*(Synthesized) (en)",
          "code" : "ac0.0.2",
          "description" : ""
        }
      }
    },
    "termBindings" : { },
    "terminologyExtracts" : { },
    "valueSets" : {
      "ac0.0.1" : {
        "@type" : "VALUE_SET",
        "id" : "ac0.0.1",
        "members" : [ "at0067", "at0068", "at0069", "at0070", "at0071", "at0072", "at0073", "at0074", "at0080", "at0081", "at0075", "at0076", "at0082", "at0077", "at0078", "at0079" ]
      },
      "ac0.0.2" : {
        "@type" : "VALUE_SET",
        "id" : "ac0.0.2",
        "members" : [ "at0062", "at0056", "at0057", "at0058", "at0059", "at0060", "at0063" ]
      }
    }
  },
  "adlVersion" : "1.4",
  "buildUid" : "4393cc32-a2fa-3f47-bb04-df327dabe7b0",
  "rmName" : "openehr",
  "rmRelease" : "1.0.3",
  "generated" : true,
  "templateId" : "ZIBS - Anatomical location - nl.zorg.part.AnatomischeLocatie-v1.v0",
  "otherMetaData" : { },
  "templateOverlays" : [ ],
  "originalLanguage" : {
    "terminologyId" : {
      "value" : "ISO_639-1"
    },
    "codeString" : "en"
  },
  "translations" : [ {
    "@type" : "TRANSLATION_DETAILS",
    "language" : {
      "terminologyId" : {
        "value" : "ISO_639-1"
      },
      "codeString" : "de"
    },
    "author" : { },
    "otherDetails" : { }
  }, {
    "@type" : "TRANSLATION_DETAILS",
    "language" : {
      "terminologyId" : {
        "value" : "ISO_639-1"
      },
      "codeString" : "nb"
    },
    "author" : { },
    "otherDetails" : { }
  }, {
    "@type" : "TRANSLATION_DETAILS",
    "language" : {
      "terminologyId" : {
        "value" : "ISO_639-1"
      },
      "codeString" : "pt-br"
    },
    "author" : { },
    "otherDetails" : { }
  }, {
    "@type" : "TRANSLATION_DETAILS",
    "language" : {
      "terminologyId" : {
        "value" : "ISO_639-1"
      },
      "codeString" : "ar-sy"
    },
    "author" : { },
    "otherDetails" : { }
  }, {
    "@type" : "TRANSLATION_DETAILS",
    "language" : {
      "terminologyId" : {
        "value" : "ISO_639-1"
      },
      "codeString" : "sl"
    },
    "author" : { },
    "otherDetails" : { }
  } ]
}